{ "_id" : "Female", "value" : { "count" : 9966, "height" : 167.1261749949829, "weight" : 70.11384105960289 } }
{ "_id" : "Male", "value" : { "count" : 10035, "height" : 167.08126955655206, "weight" : 70.00230592924791 } }