{ "_id" : "Female", "avgHeight" : 167.12617499498293, "avgWeight" : 70.11384105960265 }
{ "_id" : "Male", "avgHeight" : 167.08126955655206, "avgWeight" : 70.00230592924764 }